,config_id,idx,origin_Li,origin_EC,origin_DMC,origin_VC,origin_PF6,origin_CO3_minus2,origin_Ethylene,origin_oEC_radical_minus1_minus2,rxn_EC,rxn_DMC,rxn_VC,rxn_PF6,rxn_CO3_minus2,rxn_Ethylene,rxn_oEC_radical_minus1_minus2,rdc_EC,rdc_DMC,rdc_VC,rdc_PF6,rdc_CO3_minus2,rdc_Ethylene,rdc_oEC_radical_minus1_minus2,rxn,rdc,rxn_wt_pid,rdc_wt_pid,rxn_changed_bonds
0,0x10cfbbc5c2f637ea,-1,4,10,10,2,1,2,2,1,0,1,0,0,0,0,1,0,0,0,0,0,0,0,{'DMC_6+oEC_radical_minus1_minus2_0 => C3O3H6CO2C2H2OH2'},set(),{'DMC_6+oEC_radical_minus1_minus2_0 => sg0-C3O3H6CO2C2H2OH2'},set(),"{((('O179', 'C271'), (3.5581, 1.4727), (('O179@DMC_6', 'C271@oEC_radical_minus1_minus2_0'), ('O179@frame(-1)-sg0-C3O3H6CO2C2H2OH2', 'C271@frame(-1)-sg0-C3O3H6CO2C2H2OH2'))),)}"
1,0x12f7aa3d13a79a6f,-1,4,10,10,1,1,2,2,2,1,2,0,0,0,0,2,0,0,0,0,0,0,0,"{'DMC_5+EC_1+oEC_radical_minus1_minus2_0 => C3O3H3C3O3H6+HCO2C2H2OH2', 'DMC_0+oEC_radical_minus1_minus2_1 => C3O3H6CO2C2H2OH2'}",set(),"{'DMC_5+EC_1+oEC_radical_minus1_minus2_0 => sg0-C3O3H3C3O3H6+sg1-HCO2C2H2OH2', 'DMC_0+oEC_radical_minus1_minus2_1 => sg2-C3O3H6CO2C2H2OH2'}",set(),"{((('O107', 'C273'), (3.9251, 1.4787), (('O107@DMC_0', 'C273@oEC_radical_minus1_minus2_1'), ('O107@frame(-1)-sg2-C3O3H6CO2C2H2OH2', 'C273@frame(-1)-sg2-C3O3H6CO2C2H2OH2'))),), ((('C15', 'H22'), (1.0812, 2.665), (('C15@EC_1', 'H22@EC_1'), ('C15@frame(-1)-sg0-C3O3H3C3O3H6', 'H22@frame(-1)-sg1-HCO2C2H2OH2'))), (('C15', 'O167'), (3.9018, 1.5319), (('C15@EC_1', 'O167@DMC_5'), ('C15@frame(-1)-sg0-C3O3H3C3O3H6', 'O167@frame(-1)-sg0-C3O3H3C3O3H6'))), (('H22', 'C263'), (2.6488, 1.1863), (('H22@EC_1', 'C263@oEC_radical_minus1_minus2_0'), ('H22@frame(-1)-sg1-HCO2C2H2OH2', 'C263@frame(-1)-sg1-HCO2C2H2OH2'))))}"
2,0x16d19a92d8634cc6,-1,2,10,10,3,1,2,2,1,0,0,1,0,1,0,1,0,0,0,0,0,0,0,"{'oEC_radical_minus1_minus2_0 => CO2+OC2H4', 'CO3_minus2_1+VC_2 => C3O3H2O+CO2'}",set(),"{'oEC_radical_minus1_minus2_0 => sg2-CO2+sg3-OC2H4', 'CO3_minus2_1+VC_2 => sg0-C3O3H2O+sg1-CO2'}",set(),"{((('C273', 'O275'), (1.3375, 2.6764), (('C273@oEC_radical_minus1_minus2_0', 'O275@oEC_radical_minus1_minus2_0'), ('C273@frame(-1)-sg2-CO2', 'O275@frame(-1)-sg3-OC2H4'))), (('O275', 'C277'), (2.4367, 1.4438), (('O275@oEC_radical_minus1_minus2_0', 'C277@oEC_radical_minus1_minus2_0'), ('O275@frame(-1)-sg3-OC2H4', 'C277@frame(-1)-sg3-OC2H4')))), ((('C257', 'O258'), (1.2947, 2.801), (('C257@CO3_minus2_1', 'O258@CO3_minus2_1'), ('C257@frame(-1)-sg1-CO2', 'O258@frame(-1)-sg0-C3O3H2O'))), (('C238', 'O258'), (3.1185, 1.4544), (('C238@VC_2', 'O258@CO3_minus2_1'), ('C238@frame(-1)-sg0-C3O3H2O', 'O258@frame(-1)-sg0-C3O3H2O'))), (('C239', 'O258'), (3.0158, 1.4314), (('C239@VC_2', 'O258@CO3_minus2_1'), ('C239@frame(-1)-sg0-C3O3H2O', 'O258@frame(-1)-sg0-C3O3H2O'))))}"
3,0x1814c76bd2bd27ad,-1,1,10,10,3,1,1,1,2,1,0,0,0,0,0,2,0,0,0,0,0,0,0,"{'oEC_radical_minus1_minus2_1 => CO2+OC2H4', 'EC_3+oEC_radical_minus1_minus2_0 => C3O3H4CO2C2H2OH2'}",set(),"{'oEC_radical_minus1_minus2_1 => sg1-CO2+sg2-OC2H4', 'EC_3+oEC_radical_minus1_minus2_0 => sg0-C3O3H4CO2C2H2OH2'}",set(),"{((('C272', 'O274'), (1.3228, 2.7546), (('C272@oEC_radical_minus1_minus2_1', 'O274@oEC_radical_minus1_minus2_1'), ('C272@frame(-1)-sg1-CO2', 'O274@frame(-1)-sg2-OC2H4'))), (('C275', 'H281'), (1.0877, 2.1364), (('C275@oEC_radical_minus1_minus2_1', 'H281@oEC_radical_minus1_minus2_1'), ('C275@frame(-1)-sg2-OC2H4', 'H281@frame(-1)-sg2-OC2H4'))), (('C276', 'H281'), (2.1088, 1.1113), (('C276@oEC_radical_minus1_minus2_1', 'H281@oEC_radical_minus1_minus2_1'), ('C276@frame(-1)-sg2-OC2H4', 'H281@frame(-1)-sg2-OC2H4')))), ((('O36', 'C266'), (20.5755, 1.5047), (('O36@EC_3', 'C266@oEC_radical_minus1_minus2_0'), ('O36@frame(-1)-sg0-C3O3H4CO2C2H2OH2', 'C266@frame(-1)-sg0-C3O3H4CO2C2H2OH2'))),)}"
4,0x19c5ea388a27a1eb,-1,3,10,10,1,1,2,2,1,0,0,0,0,0,0,1,0,0,0,0,0,0,0,{'oEC_radical_minus1_minus2_0 => CO2+OC2H4'},set(),{'oEC_radical_minus1_minus2_0 => sg0-CO2+sg1-OC2H4'},set(),"{((('C258', 'O260'), (1.3284, 2.956), (('C258@oEC_radical_minus1_minus2_0', 'O260@oEC_radical_minus1_minus2_0'), ('C258@frame(-1)-sg0-CO2', 'O260@frame(-1)-sg1-OC2H4'))), (('C261', 'H266'), (1.0867, 2.1178), (('C261@oEC_radical_minus1_minus2_0', 'H266@oEC_radical_minus1_minus2_0'), ('C261@frame(-1)-sg1-OC2H4', 'H266@frame(-1)-sg1-OC2H4'))), (('C262', 'H266'), (2.1239, 1.1113), (('C262@oEC_radical_minus1_minus2_0', 'H266@oEC_radical_minus1_minus2_0'), ('C262@frame(-1)-sg1-OC2H4', 'H266@frame(-1)-sg1-OC2H4'))))}"
5,0x1ab64963b67bf3e,-1,1,10,10,2,1,2,2,1,0,0,1,0,1,0,1,0,0,0,0,0,0,0,"{'oEC_radical_minus1_minus2_0 => CO2+OC2H4', 'CO3_minus2_0+VC_0 => C3O3H2O+CO2'}",set(),"{'oEC_radical_minus1_minus2_0 => sg2-CO2+sg3-OC2H4', 'CO3_minus2_0+VC_0 => sg0-C3O3H2O+sg1-CO2'}",set(),"{((('C244', 'O247'), (1.2975, 2.8563), (('C244@CO3_minus2_0', 'O247@CO3_minus2_0'), ('C244@frame(-1)-sg1-CO2', 'O247@frame(-1)-sg0-C3O3H2O'))), (('C221', 'O247'), (18.6416, 1.4592), (('C221@VC_0', 'O247@CO3_minus2_0'), ('C221@frame(-1)-sg0-C3O3H2O', 'O247@frame(-1)-sg0-C3O3H2O'))), (('C222', 'O247'), (18.8879, 1.433), (('C222@VC_0', 'O247@CO3_minus2_0'), ('C222@frame(-1)-sg0-C3O3H2O', 'O247@frame(-1)-sg0-C3O3H2O')))), ((('C264', 'O266'), (1.3285, 2.6036), (('C264@oEC_radical_minus1_minus2_0', 'O266@oEC_radical_minus1_minus2_0'), ('C264@frame(-1)-sg2-CO2', 'O266@frame(-1)-sg3-OC2H4'))), (('C267', 'H272'), (1.087, 2.1049), (('C267@oEC_radical_minus1_minus2_0', 'H272@oEC_radical_minus1_minus2_0'), ('C267@frame(-1)-sg3-OC2H4', 'H272@frame(-1)-sg3-OC2H4'))), (('C268', 'H272'), (2.1348, 1.1065), (('C268@oEC_radical_minus1_minus2_0', 'H272@oEC_radical_minus1_minus2_0'), ('C268@frame(-1)-sg3-OC2H4', 'H272@frame(-1)-sg3-OC2H4'))))}"
6,0x1bf22e04be99cb49,-1,3,10,10,1,1,2,2,2,0,0,0,0,1,0,2,0,0,0,0,0,0,0,"{'oEC_radical_minus1_minus2_1 => CO2+OC2H4', 'CO3_minus2_1+oEC_radical_minus1_minus2_0 => CO3CO2C2H2OH2'}",set(),"{'CO3_minus2_1+oEC_radical_minus1_minus2_0 => sg0-CO3CO2C2H2OH2', 'oEC_radical_minus1_minus2_1 => sg1-CO2+sg2-OC2H4'}",set(),"{((('C268', 'O270'), (1.3291, 2.766), (('C268@oEC_radical_minus1_minus2_1', 'O270@oEC_radical_minus1_minus2_1'), ('C268@frame(-1)-sg1-CO2', 'O270@frame(-1)-sg2-OC2H4'))), (('C271', 'H276'), (1.076, 2.116), (('C271@oEC_radical_minus1_minus2_1', 'H276@oEC_radical_minus1_minus2_1'), ('C271@frame(-1)-sg2-OC2H4', 'H276@frame(-1)-sg2-OC2H4'))), (('C272', 'H276'), (2.0556, 1.0997), (('C272@oEC_radical_minus1_minus2_1', 'H276@oEC_radical_minus1_minus2_1'), ('C272@frame(-1)-sg2-OC2H4', 'H276@frame(-1)-sg2-OC2H4')))), ((('O245', 'C262'), (21.6395, 1.4383), (('O245@CO3_minus2_1', 'C262@oEC_radical_minus1_minus2_0'), ('O245@frame(-1)-sg0-CO3CO2C2H2OH2', 'C262@frame(-1)-sg0-CO3CO2C2H2OH2'))),)}"
7,0x1d8acceca7738833,-1,3,10,10,3,1,2,2,1,0,0,0,0,0,0,1,0,0,0,0,0,0,0,{'oEC_radical_minus1_minus2_0 => CO2+OC2H4'},set(),{'oEC_radical_minus1_minus2_0 => sg0-CO2+sg1-OC2H4'},set(),"{((('C274', 'O276'), (1.3375, 2.9933), (('C274@oEC_radical_minus1_minus2_0', 'O276@oEC_radical_minus1_minus2_0'), ('C274@frame(-1)-sg0-CO2', 'O276@frame(-1)-sg1-OC2H4'))), (('C277', 'H282'), (1.0833, 2.1092), (('C277@oEC_radical_minus1_minus2_0', 'H282@oEC_radical_minus1_minus2_0'), ('C277@frame(-1)-sg1-OC2H4', 'H282@frame(-1)-sg1-OC2H4'))), (('C278', 'H282'), (2.0786, 1.095), (('C278@oEC_radical_minus1_minus2_0', 'H282@oEC_radical_minus1_minus2_0'), ('C278@frame(-1)-sg1-OC2H4', 'H282@frame(-1)-sg1-OC2H4'))))}"
8,0x1e77e9e50b4fc357,-1,3,10,10,1,1,2,2,1,0,0,0,0,0,0,1,0,0,0,0,0,0,0,{'oEC_radical_minus1_minus2_0 => CO2+OC2H4'},set(),{'oEC_radical_minus1_minus2_0 => sg0-CO2+sg1-OC2H4'},set(),"{((('C258', 'O260'), (1.3313, 2.8355), (('C258@oEC_radical_minus1_minus2_0', 'O260@oEC_radical_minus1_minus2_0'), ('C258@frame(-1)-sg0-CO2', 'O260@frame(-1)-sg1-OC2H4'))), (('C261', 'H267'), (1.0872, 2.129), (('C261@oEC_radical_minus1_minus2_0', 'H267@oEC_radical_minus1_minus2_0'), ('C261@frame(-1)-sg1-OC2H4', 'H267@frame(-1)-sg1-OC2H4'))), (('C262', 'H267'), (2.13, 1.0996), (('C262@oEC_radical_minus1_minus2_0', 'H267@oEC_radical_minus1_minus2_0'), ('C262@frame(-1)-sg1-OC2H4', 'H267@frame(-1)-sg1-OC2H4'))))}"
9,0x208a9db3b56886bf,-1,2,10,10,2,1,2,2,2,0,0,1,0,1,0,2,0,0,0,0,0,0,0,"{'oEC_radical_minus1_minus2_0 => CO2+OC2H4', 'CO3_minus2_0+VC_0 => C3O3H2O+CO2', 'oEC_radical_minus1_minus2_1 => CO2+OC2H4'}",set(),"{'oEC_radical_minus1_minus2_1 => sg4-CO2+sg5-OC2H4', 'oEC_radical_minus1_minus2_0 => sg2-CO2+sg3-OC2H4', 'CO3_minus2_0+VC_0 => sg0-C3O3H2O+sg1-CO2'}",set(),"{((('C265', 'O267'), (1.3192, 2.7047), (('C265@oEC_radical_minus1_minus2_0', 'O267@oEC_radical_minus1_minus2_0'), ('C265@frame(-1)-sg2-CO2', 'O267@frame(-1)-sg3-OC2H4'))), (('C268', 'H274'), (1.0903, 2.0963), (('C268@oEC_radical_minus1_minus2_0', 'H274@oEC_radical_minus1_minus2_0'), ('C268@frame(-1)-sg3-OC2H4', 'H274@frame(-1)-sg3-OC2H4'))), (('C269', 'H274'), (2.1426, 1.092), (('C269@oEC_radical_minus1_minus2_0', 'H274@oEC_radical_minus1_minus2_0'), ('C269@frame(-1)-sg3-OC2H4', 'H274@frame(-1)-sg3-OC2H4')))), ((('C275', 'O277'), (1.322, 2.9561), (('C275@oEC_radical_minus1_minus2_1', 'O277@oEC_radical_minus1_minus2_1'), ('C275@frame(-1)-sg4-CO2', 'O277@frame(-1)-sg5-OC2H4'))), (('C278', 'H284'), (1.0869, 2.1037), (('C278@oEC_radical_minus1_minus2_1', 'H284@oEC_radical_minus1_minus2_1'), ('C278@frame(-1)-sg5-OC2H4', 'H284@frame(-1)-sg5-OC2H4'))), (('C279', 'H284'), (2.1543, 1.0958), (('C279@oEC_radical_minus1_minus2_1', 'H284@oEC_radical_minus1_minus2_1'), ('C279@frame(-1)-sg5-OC2H4', 'H284@frame(-1)-sg5-OC2H4')))), ((('C245', 'O247'), (1.2978, 2.7302), (('C245@CO3_minus2_0', 'O247@CO3_minus2_0'), ('C245@frame(-1)-sg1-CO2', 'O247@frame(-1)-sg0-C3O3H2O'))), (('C222', 'O247'), (3.3352, 1.4375), (('C222@VC_0', 'O247@CO3_minus2_0'), ('C222@frame(-1)-sg0-C3O3H2O', 'O247@frame(-1)-sg0-C3O3H2O'))), (('C223', 'O247'), (3.0967, 1.4262), (('C223@VC_0', 'O247@CO3_minus2_0'), ('C223@frame(-1)-sg0-C3O3H2O', 'O247@frame(-1)-sg0-C3O3H2O'))))}"
10,0x23ecc3905e0a94e2,-1,1,10,10,3,1,1,1,1,0,0,0,0,0,0,1,0,0,0,0,0,0,0,{'oEC_radical_minus1_minus2_0 => CO2+OC2H4'},set(),{'oEC_radical_minus1_minus2_0 => sg0-CO2+sg1-OC2H4'},set(),"{((('C262', 'O264'), (1.3336, 3.0581), (('C262@oEC_radical_minus1_minus2_0', 'O264@oEC_radical_minus1_minus2_0'), ('C262@frame(-1)-sg0-CO2', 'O264@frame(-1)-sg1-OC2H4'))), (('C265', 'H271'), (1.0875, 2.1086), (('C265@oEC_radical_minus1_minus2_0', 'H271@oEC_radical_minus1_minus2_0'), ('C265@frame(-1)-sg1-OC2H4', 'H271@frame(-1)-sg1-OC2H4'))), (('C266', 'H271'), (2.0999, 1.1177), (('C266@oEC_radical_minus1_minus2_0', 'H271@oEC_radical_minus1_minus2_0'), ('C266@frame(-1)-sg1-OC2H4', 'H271@frame(-1)-sg1-OC2H4'))))}"
11,0x247c9633330de315,-1,4,10,10,3,1,1,1,2,0,0,0,0,0,0,1,0,0,0,0,0,0,0,{'oEC_radical_minus1_minus2_1 => CO2+OC2H4'},set(),{'oEC_radical_minus1_minus2_1 => sg0-CO2+sg1-OC2H4'},set(),"{((('C275', 'O277'), (1.3254, 2.723), (('C275@oEC_radical_minus1_minus2_1', 'O277@oEC_radical_minus1_minus2_1'), ('C275@frame(-1)-sg0-CO2', 'O277@frame(-1)-sg1-OC2H4'))), (('O277', 'C279'), (2.3621, 1.4376), (('O277@oEC_radical_minus1_minus2_1', 'C279@oEC_radical_minus1_minus2_1'), ('O277@frame(-1)-sg1-OC2H4', 'C279@frame(-1)-sg1-OC2H4'))))}"
12,0x2713a8332359b085,-1,4,10,10,3,1,2,2,2,0,0,0,0,0,0,2,0,0,0,0,0,0,0,{'oEC_radical_minus1_minus2_0+oEC_radical_minus1_minus2_1 => CO2C2H2OH2CO2C2H2OH2'},set(),{'oEC_radical_minus1_minus2_0+oEC_radical_minus1_minus2_1 => sg0-CO2C2H2OH2CO2C2H2OH2'},set(),"{((('O276', 'C289'), (21.8359, 1.4464), (('O276@oEC_radical_minus1_minus2_0', 'C289@oEC_radical_minus1_minus2_1'), ('O276@frame(-1)-sg0-CO2C2H2OH2CO2C2H2OH2', 'C289@frame(-1)-sg0-CO2C2H2OH2CO2C2H2OH2'))),)}"
13,0x2a328aed54ab2455,-1,3,10,10,3,1,1,1,2,2,0,0,0,0,0,2,0,0,0,0,0,0,0,"{'EC_6+oEC_radical_minus1_minus2_1 => C3O3H4CO2C2H2OH2', 'EC_8+oEC_radical_minus1_minus2_0 => C3O3H4CO2C2H2OH2'}",set(),"{'EC_6+oEC_radical_minus1_minus2_1 => sg0-C3O3H4CO2C2H2OH2', 'EC_8+oEC_radical_minus1_minus2_0 => sg1-C3O3H4CO2C2H2OH2'}",set(),"{((('O88', 'C268'), (17.6763, 1.4887), (('O88@EC_8', 'C268@oEC_radical_minus1_minus2_0'), ('O88@frame(-1)-sg1-C3O3H4CO2C2H2OH2', 'C268@frame(-1)-sg1-C3O3H4CO2C2H2OH2'))),), ((('O68', 'C278'), (13.9293, 1.4893), (('O68@EC_6', 'C278@oEC_radical_minus1_minus2_1'), ('O68@frame(-1)-sg0-C3O3H4CO2C2H2OH2', 'C278@frame(-1)-sg0-C3O3H4CO2C2H2OH2'))),)}"
14,0x2aa85b1522096a34,-1,2,10,10,2,1,1,1,2,0,0,0,0,1,0,2,0,0,0,0,0,0,0,"{'oEC_radical_minus1_minus2_0 => CO2+OC2H4', 'CO3_minus2_0+oEC_radical_minus1_minus2_1 => CO3CO2C2H2OH2'}",set(),"{'oEC_radical_minus1_minus2_0 => sg1-CO2+sg2-OC2H4', 'CO3_minus2_0+oEC_radical_minus1_minus2_1 => sg0-CO3CO2C2H2OH2'}",set(),"{((('C255', 'O257'), (1.335, 2.7703), (('C255@oEC_radical_minus1_minus2_0', 'O257@oEC_radical_minus1_minus2_0'), ('C255@frame(-1)-sg1-CO2', 'O257@frame(-1)-sg2-OC2H4'))), (('C258', 'H263'), (1.0806, 2.1317), (('C258@oEC_radical_minus1_minus2_0', 'H263@oEC_radical_minus1_minus2_0'), ('C258@frame(-1)-sg2-OC2H4', 'H263@frame(-1)-sg2-OC2H4'))), (('C259', 'H263'), (2.0697, 1.0957), (('C259@oEC_radical_minus1_minus2_0', 'H263@oEC_radical_minus1_minus2_0'), ('C259@frame(-1)-sg2-OC2H4', 'H263@frame(-1)-sg2-OC2H4')))), ((('O247', 'C269'), (13.4717, 1.4257), (('O247@CO3_minus2_0', 'C269@oEC_radical_minus1_minus2_1'), ('O247@frame(-1)-sg0-CO3CO2C2H2OH2', 'C269@frame(-1)-sg0-CO3CO2C2H2OH2'))),)}"
15,0x2ecf08513a5d8e89,-1,4,10,10,2,1,2,2,1,0,1,0,0,0,0,1,0,0,0,0,0,0,0,{'DMC_9+oEC_radical_minus1_minus2_0 => C3O3H7+CO2C2H2OH'},set(),{'DMC_9+oEC_radical_minus1_minus2_0 => sg0-C3O3H7+sg1-CO2C2H2OH'},set(),"{((('C270', 'H275'), (1.0889, 2.0731), (('C270@oEC_radical_minus1_minus2_0', 'H275@oEC_radical_minus1_minus2_0'), ('C270@frame(-1)-sg1-CO2C2H2OH', 'H275@frame(-1)-sg0-C3O3H7'))), (('O215', 'H275'), (14.44, 1.0337), (('O215@DMC_9', 'H275@oEC_radical_minus1_minus2_0'), ('O215@frame(-1)-sg0-C3O3H7', 'H275@frame(-1)-sg0-C3O3H7'))))}"
16,0x2f728ccd77d9b3a4,-1,3,10,10,1,1,1,1,2,0,0,0,0,0,1,1,0,0,0,0,0,0,0,{'Ethylene_0+oEC_radical_minus1_minus2_0 => C2H4CO2C2H2OH2'},set(),{'Ethylene_0+oEC_radical_minus1_minus2_0 => sg0-C2H4CO2C2H2OH2'},set(),"{((('C242', 'C252'), (12.6815, 1.7795), (('C242@Ethylene_0', 'C252@oEC_radical_minus1_minus2_0'), ('C242@frame(-1)-sg0-C2H4CO2C2H2OH2', 'C252@frame(-1)-sg0-C2H4CO2C2H2OH2'))), (('C243', 'C252'), (13.0556, 1.5741), (('C243@Ethylene_0', 'C252@oEC_radical_minus1_minus2_0'), ('C243@frame(-1)-sg0-C2H4CO2C2H2OH2', 'C252@frame(-1)-sg0-C2H4CO2C2H2OH2'))))}"
17,0x385506876ddfe771,-1,3,10,10,3,1,2,2,1,0,0,0,0,0,0,1,0,0,0,0,0,0,0,{'oEC_radical_minus1_minus2_0 => CO2+OC2H4'},set(),{'oEC_radical_minus1_minus2_0 => sg0-CO2+sg1-OC2H4'},set(),"{((('C274', 'O276'), (1.3148, 3.2009), (('C274@oEC_radical_minus1_minus2_0', 'O276@oEC_radical_minus1_minus2_0'), ('C274@frame(-1)-sg0-CO2', 'O276@frame(-1)-sg1-OC2H4'))), (('C277', 'H282'), (1.0872, 2.1124), (('C277@oEC_radical_minus1_minus2_0', 'H282@oEC_radical_minus1_minus2_0'), ('C277@frame(-1)-sg1-OC2H4', 'H282@frame(-1)-sg1-OC2H4'))), (('C278', 'H282'), (2.1299, 1.1073), (('C278@oEC_radical_minus1_minus2_0', 'H282@oEC_radical_minus1_minus2_0'), ('C278@frame(-1)-sg1-OC2H4', 'H282@frame(-1)-sg1-OC2H4'))))}"
18,0x3a00bfe62e7a1182,-1,3,10,10,3,1,1,1,1,0,0,0,0,0,0,1,0,0,0,0,0,0,0,{'oEC_radical_minus1_minus2_0 => CO2+OC2H4'},set(),{'oEC_radical_minus1_minus2_0 => sg0-CO2+sg1-OC2H4'},set(),"{((('C264', 'O266'), (1.3211, 2.9833), (('C264@oEC_radical_minus1_minus2_0', 'O266@oEC_radical_minus1_minus2_0'), ('C264@frame(-1)-sg0-CO2', 'O266@frame(-1)-sg1-OC2H4'))), (('O266', 'C268'), (2.3719, 1.4421), (('O266@oEC_radical_minus1_minus2_0', 'C268@oEC_radical_minus1_minus2_0'), ('O266@frame(-1)-sg1-OC2H4', 'C268@frame(-1)-sg1-OC2H4'))))}"
19,0x3c65c556595f1a9f,-1,2,10,10,1,1,2,2,2,1,0,0,0,1,1,2,0,0,0,0,0,0,0,"{'CO3_minus2_0+Ethylene_1 => CO3C2H4', 'oEC_radical_minus1_minus2_0 => CO2+OC2H4', 'EC_9+oEC_radical_minus1_minus2_1 => C3O3H5+CO2C2H2OH'}",set(),"{'CO3_minus2_0+Ethylene_1 => sg1-CO3C2H4', 'oEC_radical_minus1_minus2_0 => sg2-CO2+sg3-OC2H4', 'EC_9+oEC_radical_minus1_minus2_1 => sg0-C3O3H5+sg4-CO2C2H2OH'}",set(),"{((('O238', 'C251'), (3.1791, 1.4712), (('O238@CO3_minus2_0', 'C251@Ethylene_1'), ('O238@frame(-1)-sg1-CO3C2H4', 'C251@frame(-1)-sg1-CO3C2H4'))), (('O238', 'C252'), (3.131, 1.5063), (('O238@CO3_minus2_0', 'C252@Ethylene_1'), ('O238@frame(-1)-sg1-CO3C2H4', 'C252@frame(-1)-sg1-CO3C2H4')))), ((('C270', 'H276'), (1.0859, 2.3903), (('C270@oEC_radical_minus1_minus2_1', 'H276@oEC_radical_minus1_minus2_1'), ('C270@frame(-1)-sg4-CO2C2H2OH', 'H276@frame(-1)-sg0-C3O3H5'))), (('O95', 'H276'), (11.2961, 1.1338), (('O95@EC_9', 'H276@oEC_radical_minus1_minus2_1'), ('O95@frame(-1)-sg0-C3O3H5', 'H276@frame(-1)-sg0-C3O3H5')))), ((('C257', 'O259'), (1.3235, 2.7815), (('C257@oEC_radical_minus1_minus2_0', 'O259@oEC_radical_minus1_minus2_0'), ('C257@frame(-1)-sg2-CO2', 'O259@frame(-1)-sg3-OC2H4'))), (('C260', 'H265'), (1.0928, 2.0969), (('C260@oEC_radical_minus1_minus2_0', 'H265@oEC_radical_minus1_minus2_0'), ('C260@frame(-1)-sg3-OC2H4', 'H265@frame(-1)-sg3-OC2H4'))), (('C261', 'H265'), (2.1088, 1.1029), (('C261@oEC_radical_minus1_minus2_0', 'H265@oEC_radical_minus1_minus2_0'), ('C261@frame(-1)-sg3-OC2H4', 'H265@frame(-1)-sg3-OC2H4'))))}"
20,0x40b5b6299b8285aa,-1,3,10,10,1,1,2,2,1,1,0,0,0,0,0,1,0,0,0,0,0,0,0,{'EC_5+oEC_radical_minus1_minus2_0 => C3O3H3+HCO2C2H2OH2'},set(),{'EC_5+oEC_radical_minus1_minus2_0 => sg0-C3O3H3+sg1-HCO2C2H2OH2'},set(),"{((('C53', 'H59'), (1.0923, 2.5199), (('C53@EC_5', 'H59@EC_5'), ('C53@frame(-1)-sg0-C3O3H3', 'H59@frame(-1)-sg1-HCO2C2H2OH2'))), (('H59', 'C262'), (12.4171, 1.0998), (('H59@EC_5', 'C262@oEC_radical_minus1_minus2_0'), ('H59@frame(-1)-sg1-HCO2C2H2OH2', 'C262@frame(-1)-sg1-HCO2C2H2OH2'))))}"
21,0x441ee97e6ee98a27,-1,4,10,10,1,1,2,2,2,0,1,0,0,0,0,2,0,0,0,0,0,0,0,"{'DMC_2+oEC_radical_minus1_minus2_0 => C3O3H6CO2C2H2OH2', 'oEC_radical_minus1_minus2_1 => CO2+OC2H4'}",set(),"{'oEC_radical_minus1_minus2_1 => sg1-CO2+sg2-OC2H4', 'DMC_2+oEC_radical_minus1_minus2_0 => sg0-C3O3H6CO2C2H2OH2'}",set(),"{((('O133', 'C263'), (17.1157, 1.5218), (('O133@DMC_2', 'C263@oEC_radical_minus1_minus2_0'), ('O133@frame(-1)-sg0-C3O3H6CO2C2H2OH2', 'C263@frame(-1)-sg0-C3O3H6CO2C2H2OH2'))),), ((('C269', 'O271'), (1.3103, 4.1349), (('C269@oEC_radical_minus1_minus2_1', 'O271@oEC_radical_minus1_minus2_1'), ('C269@frame(-1)-sg1-CO2', 'O271@frame(-1)-sg2-OC2H4'))), (('O271', 'C273'), (2.34, 1.4566), (('O271@oEC_radical_minus1_minus2_1', 'C273@oEC_radical_minus1_minus2_1'), ('O271@frame(-1)-sg2-OC2H4', 'C273@frame(-1)-sg2-OC2H4'))))}"
22,0x443eb47309ba41ce,-1,2,10,10,1,1,1,1,2,1,0,0,0,0,0,2,0,0,0,0,0,0,0,"{'oEC_radical_minus1_minus2_0 => CO2+OC2H4', 'EC_0+oEC_radical_minus1_minus2_1 => C3O3H4CO2C2H2OH2'}",set(),"{'oEC_radical_minus1_minus2_0 => sg1-CO2+sg2-OC2H4', 'EC_0+oEC_radical_minus1_minus2_1 => sg0-C3O3H4CO2C2H2OH2'}",set(),"{((('C247', 'O249'), (1.3322, 2.8861), (('C247@oEC_radical_minus1_minus2_0', 'O249@oEC_radical_minus1_minus2_0'), ('C247@frame(-1)-sg1-CO2', 'O249@frame(-1)-sg2-OC2H4'))), (('C250', 'H255'), (1.088, 2.1012), (('C250@oEC_radical_minus1_minus2_0', 'H255@oEC_radical_minus1_minus2_0'), ('C250@frame(-1)-sg2-OC2H4', 'H255@frame(-1)-sg2-OC2H4'))), (('C251', 'H255'), (2.1539, 1.1029), (('C251@oEC_radical_minus1_minus2_0', 'H255@oEC_radical_minus1_minus2_0'), ('C251@frame(-1)-sg2-OC2H4', 'H255@frame(-1)-sg2-OC2H4')))), ((('O7', 'C261'), (18.1937, 1.5045), (('O7@EC_0', 'C261@oEC_radical_minus1_minus2_1'), ('O7@frame(-1)-sg0-C3O3H4CO2C2H2OH2', 'C261@frame(-1)-sg0-C3O3H4CO2C2H2OH2'))),)}"
23,0x44c657be80cf1863,-1,3,10,10,2,1,2,2,2,1,0,0,0,0,2,2,0,0,0,0,0,0,0,"{'EC_5+Ethylene_0+Ethylene_1+oEC_radical_minus1_minus2_0 => C2H4C2H4+C3O3H5+CO2C2H2OH', 'oEC_radical_minus1_minus2_1 => CO2+OC2H4'}",set(),"{'oEC_radical_minus1_minus2_1 => sg3-CO2+sg4-OC2H4', 'EC_5+Ethylene_0+Ethylene_1+oEC_radical_minus1_minus2_0 => sg0-C3O3H5+sg1-C2H4C2H4+sg2-CO2C2H2OH'}",set(),"{((('C261', 'H265'), (1.0819, 1.9424), (('C261@Ethylene_1', 'H265@Ethylene_1'), ('C261@frame(-1)-sg1-C2H4C2H4', 'H265@frame(-1)-sg0-C3O3H5'))), (('C269', 'H274'), (1.0774, 2.5891), (('C269@oEC_radical_minus1_minus2_0', 'H274@oEC_radical_minus1_minus2_0'), ('C269@frame(-1)-sg2-CO2C2H2OH', 'H274@frame(-1)-sg1-C2H4C2H4'))), (('O58', 'H265'), (3.4468, 1.0335), (('O58@EC_5', 'H265@Ethylene_1'), ('O58@frame(-1)-sg0-C3O3H5', 'H265@frame(-1)-sg0-C3O3H5'))), (('C254', 'C261'), (3.8165, 1.4971), (('C254@Ethylene_0', 'C261@Ethylene_1'), ('C254@frame(-1)-sg1-C2H4C2H4', 'C261@frame(-1)-sg1-C2H4C2H4'))), (('C255', 'C261'), (3.1376, 1.5495), (('C255@Ethylene_0', 'C261@Ethylene_1'), ('C255@frame(-1)-sg1-C2H4C2H4', 'C261@frame(-1)-sg1-C2H4C2H4'))), (('C260', 'H274'), (2.643, 1.0991), (('C260@Ethylene_1', 'H274@oEC_radical_minus1_minus2_0'), ('C260@frame(-1)-sg1-C2H4C2H4', 'H274@frame(-1)-sg1-C2H4C2H4')))), ((('C276', 'O278'), (1.3256, 3.7342), (('C276@oEC_radical_minus1_minus2_1', 'O278@oEC_radical_minus1_minus2_1'), ('C276@frame(-1)-sg3-CO2', 'O278@frame(-1)-sg4-OC2H4'))), (('O278', 'C280'), (2.4002, 1.4464), (('O278@oEC_radical_minus1_minus2_1', 'C280@oEC_radical_minus1_minus2_1'), ('O278@frame(-1)-sg4-OC2H4', 'C280@frame(-1)-sg4-OC2H4'))))}"
24,0x466dd5289af455c1,-1,4,10,10,1,1,1,1,2,0,0,0,0,0,0,1,0,0,0,0,0,0,0,{'oEC_radical_minus1_minus2_0 => CO2+OC2H4'},set(),{'oEC_radical_minus1_minus2_0 => sg0-CO2+sg1-OC2H4'},set(),"{((('C249', 'O251'), (1.3425, 3.0294), (('C249@oEC_radical_minus1_minus2_0', 'O251@oEC_radical_minus1_minus2_0'), ('C249@frame(-1)-sg0-CO2', 'O251@frame(-1)-sg1-OC2H4'))), (('O251', 'C253'), (2.4178, 1.4407), (('O251@oEC_radical_minus1_minus2_0', 'C253@oEC_radical_minus1_minus2_0'), ('O251@frame(-1)-sg1-OC2H4', 'C253@frame(-1)-sg1-OC2H4'))))}"
25,0x48783cd15d429ab7,-1,4,10,10,1,1,1,1,1,0,0,0,0,0,0,0,0,0,0,0,0,0,0,set(),set(),set(),set(),set()
26,0x4a86e344f5c03661,-1,4,10,10,1,1,1,1,2,0,0,0,0,0,0,1,0,0,0,0,0,0,0,{'oEC_radical_minus1_minus2_0 => CO2C2H2OH2'},set(),{'oEC_radical_minus1_minus2_0 => sg0-CO2C2H2OH2'},set(),"{((('C252', 'H258'), (1.0883, 2.2836), (('C252@oEC_radical_minus1_minus2_0', 'H258@oEC_radical_minus1_minus2_0'), ('C252@frame(-1)-sg0-CO2C2H2OH2', 'H258@frame(-1)-sg0-CO2C2H2OH2'))), (('O256', 'H258'), (2.9695, 0.9988), (('O256@oEC_radical_minus1_minus2_0', 'H258@oEC_radical_minus1_minus2_0'), ('O256@frame(-1)-sg0-CO2C2H2OH2', 'H258@frame(-1)-sg0-CO2C2H2OH2'))))}"
27,0x4cbec412ca5854c5,-1,4,10,10,2,1,2,2,2,1,1,0,0,0,0,2,0,0,0,0,0,0,0,{'DMC_1+EC_0+oEC_radical_minus1_minus2_0+oEC_radical_minus1_minus2_1 => C3O3H4C3O3H5CO2C2H2OH2+HCO2C2H2OH2'},set(),{'DMC_1+EC_0+oEC_radical_minus1_minus2_0+oEC_radical_minus1_minus2_1 => sg0-C3O3H4C3O3H5CO2C2H2OH2+sg1-HCO2C2H2OH2'},set(),"{((('C117', 'H122'), (1.0915, 2.3974), (('C117@DMC_1', 'H122@DMC_1'), ('C117@frame(-1)-sg0-C3O3H4C3O3H5CO2C2H2OH2', 'H122@frame(-1)-sg1-HCO2C2H2OH2'))), (('O9', 'C281'), (17.1005, 1.4667), (('O9@EC_0', 'C281@oEC_radical_minus1_minus2_1'), ('O9@frame(-1)-sg0-C3O3H4C3O3H5CO2C2H2OH2', 'C281@frame(-1)-sg0-C3O3H4C3O3H5CO2C2H2OH2'))), (('C117', 'O284'), (3.641, 1.4415), (('C117@DMC_1', 'O284@oEC_radical_minus1_minus2_1'), ('C117@frame(-1)-sg0-C3O3H4C3O3H5CO2C2H2OH2', 'O284@frame(-1)-sg0-C3O3H4C3O3H5CO2C2H2OH2'))), (('H122', 'C271'), (18.944, 1.0796), (('H122@DMC_1', 'C271@oEC_radical_minus1_minus2_0'), ('H122@frame(-1)-sg1-HCO2C2H2OH2', 'C271@frame(-1)-sg1-HCO2C2H2OH2'))))}"
28,0x4dd3d09a866fa8c3,-1,2,10,10,3,1,1,1,2,0,0,0,0,0,0,2,0,0,0,0,0,0,0,"{'oEC_radical_minus1_minus2_0 => CO2+OC2H4', 'oEC_radical_minus1_minus2_1 => CO2C2H2OH2'}",set(),"{'oEC_radical_minus1_minus2_1 => sg2-CO2C2H2OH2', 'oEC_radical_minus1_minus2_0 => sg0-CO2+sg1-OC2H4'}",set(),"{((('C276', 'H282'), (1.0869, 2.3525), (('C276@oEC_radical_minus1_minus2_1', 'H282@oEC_radical_minus1_minus2_1'), ('C276@frame(-1)-sg2-CO2C2H2OH2', 'H282@frame(-1)-sg2-CO2C2H2OH2'))), (('O274', 'H282'), (3.0996, 1.0114), (('O274@oEC_radical_minus1_minus2_1', 'H282@oEC_radical_minus1_minus2_1'), ('O274@frame(-1)-sg2-CO2C2H2OH2', 'H282@frame(-1)-sg2-CO2C2H2OH2')))), ((('C263', 'O265'), (1.3372, 2.9277), (('C263@oEC_radical_minus1_minus2_0', 'O265@oEC_radical_minus1_minus2_0'), ('C263@frame(-1)-sg0-CO2', 'O265@frame(-1)-sg1-OC2H4'))), (('O265', 'C267'), (2.4122, 1.4515), (('O265@oEC_radical_minus1_minus2_0', 'C267@oEC_radical_minus1_minus2_0'), ('O265@frame(-1)-sg1-OC2H4', 'C267@frame(-1)-sg1-OC2H4'))))}"
29,0x4f3f6d65e0469d62,-1,3,10,10,3,1,1,1,2,0,0,0,0,0,0,1,0,0,0,0,0,0,0,{'oEC_radical_minus1_minus2_1 => CO2+OC2H4'},set(),{'oEC_radical_minus1_minus2_1 => sg0-CO2+sg1-OC2H4'},set(),"{((('C274', 'O276'), (1.3331, 2.9841), (('C274@oEC_radical_minus1_minus2_1', 'O276@oEC_radical_minus1_minus2_1'), ('C274@frame(-1)-sg0-CO2', 'O276@frame(-1)-sg1-OC2H4'))), (('C277', 'H282'), (1.0888, 2.0951), (('C277@oEC_radical_minus1_minus2_1', 'H282@oEC_radical_minus1_minus2_1'), ('C277@frame(-1)-sg1-OC2H4', 'H282@frame(-1)-sg1-OC2H4'))), (('C278', 'H282'), (2.1187, 1.1036), (('C278@oEC_radical_minus1_minus2_1', 'H282@oEC_radical_minus1_minus2_1'), ('C278@frame(-1)-sg1-OC2H4', 'H282@frame(-1)-sg1-OC2H4'))))}"
30,0x517efe5c6459ac2b,-1,4,10,10,1,1,1,1,2,0,0,0,0,0,0,1,0,0,0,0,0,0,0,{'oEC_radical_minus1_minus2_1 => CO2+OC2H4'},set(),{'oEC_radical_minus1_minus2_1 => sg0-CO2+sg1-OC2H4'},set(),"{((('C259', 'O261'), (1.3441, 2.7533), (('C259@oEC_radical_minus1_minus2_1', 'O261@oEC_radical_minus1_minus2_1'), ('C259@frame(-1)-sg0-CO2', 'O261@frame(-1)-sg1-OC2H4'))), (('O261', 'C263'), (2.4186, 1.4531), (('O261@oEC_radical_minus1_minus2_1', 'C263@oEC_radical_minus1_minus2_1'), ('O261@frame(-1)-sg1-OC2H4', 'C263@frame(-1)-sg1-OC2H4'))))}"
31,0x51f72a19e29afadd,-1,1,10,10,3,1,1,1,1,0,0,1,0,1,0,1,0,0,0,0,0,0,0,"{'oEC_radical_minus1_minus2_0 => CO2+OC2H4', 'CO3_minus2_0+VC_2 => C3O3H2O+CO2'}",set(),"{'CO3_minus2_0+VC_2 => sg0-C3O3H2O+sg1-CO2', 'oEC_radical_minus1_minus2_0 => sg2-CO2+sg3-OC2H4'}",set(),"{((('C252', 'O255'), (1.2971, 2.8737), (('C252@CO3_minus2_0', 'O255@CO3_minus2_0'), ('C252@frame(-1)-sg1-CO2', 'O255@frame(-1)-sg0-C3O3H2O'))), (('C237', 'O255'), (10.9655, 1.4431), (('C237@VC_2', 'O255@CO3_minus2_0'), ('C237@frame(-1)-sg0-C3O3H2O', 'O255@frame(-1)-sg0-C3O3H2O'))), (('C238', 'O255'), (11.188, 1.447), (('C238@VC_2', 'O255@CO3_minus2_0'), ('C238@frame(-1)-sg0-C3O3H2O', 'O255@frame(-1)-sg0-C3O3H2O')))), ((('C262', 'O264'), (1.3361, 2.9944), (('C262@oEC_radical_minus1_minus2_0', 'O264@oEC_radical_minus1_minus2_0'), ('C262@frame(-1)-sg2-CO2', 'O264@frame(-1)-sg3-OC2H4'))), (('O264', 'C266'), (2.4025, 1.4393), (('O264@oEC_radical_minus1_minus2_0', 'C266@oEC_radical_minus1_minus2_0'), ('O264@frame(-1)-sg3-OC2H4', 'C266@frame(-1)-sg3-OC2H4'))))}"
32,0x550f97b04d34452e,-1,1,10,10,2,1,1,1,2,0,0,1,0,0,0,2,0,0,0,0,0,0,0,"{'VC_1+oEC_radical_minus1_minus2_1 => C3O3H2CO2C2H2OH2', 'oEC_radical_minus1_minus2_0 => CO2+OC2H4'}",set(),"{'VC_1+oEC_radical_minus1_minus2_1 => sg0-C3O3H2CO2C2H2OH2', 'oEC_radical_minus1_minus2_0 => sg1-CO2+sg2-OC2H4'}",set(),"{((('C254', 'O256'), (1.3214, 2.7411), (('C254@oEC_radical_minus1_minus2_0', 'O256@oEC_radical_minus1_minus2_0'), ('C254@frame(-1)-sg1-CO2', 'O256@frame(-1)-sg2-OC2H4'))), (('C257', 'H262'), (1.0872, 2.1693), (('C257@oEC_radical_minus1_minus2_0', 'H262@oEC_radical_minus1_minus2_0'), ('C257@frame(-1)-sg2-OC2H4', 'H262@frame(-1)-sg2-OC2H4'))), (('C258', 'H262'), (2.1228, 1.1045), (('C258@oEC_radical_minus1_minus2_0', 'H262@oEC_radical_minus1_minus2_0'), ('C258@frame(-1)-sg2-OC2H4', 'H262@frame(-1)-sg2-OC2H4')))), ((('C229', 'C268'), (19.4074, 1.5332), (('C229@VC_1', 'C268@oEC_radical_minus1_minus2_1'), ('C229@frame(-1)-sg0-C3O3H2CO2C2H2OH2', 'C268@frame(-1)-sg0-C3O3H2CO2C2H2OH2'))),)}"
33,0x5964118eb7a7cc96,-1,1,10,10,2,1,1,1,2,1,0,1,0,1,0,2,0,0,0,0,0,0,0,"{'EC_8+oEC_radical_minus1_minus2_1 => C3O3H3+HCO2C2H2OH2', 'CO3_minus2_0+VC_0 => C2OH2O+CO2+CO2', 'oEC_radical_minus1_minus2_0 => CO2+OC2H4'}",set(),"{'EC_8+oEC_radical_minus1_minus2_1 => sg0-C3O3H3+sg1-HCO2C2H2OH2', 'CO3_minus2_0+VC_0 => sg2-C2OH2O+sg3-CO2+sg4-CO2', 'oEC_radical_minus1_minus2_0 => sg5-CO2+sg6-OC2H4'}",set(),"{((('C82', 'H89'), (1.0912, 2.3337), (('C82@EC_8', 'H89@EC_8'), ('C82@frame(-1)-sg0-C3O3H3', 'H89@frame(-1)-sg1-HCO2C2H2OH2'))), (('H89', 'C268'), (21.7672, 1.0838), (('H89@EC_8', 'C268@oEC_radical_minus1_minus2_1'), ('H89@frame(-1)-sg1-HCO2C2H2OH2', 'C268@frame(-1)-sg1-HCO2C2H2OH2')))), ((('C221', 'O225'), (1.5924, 2.0837), (('C221@VC_0', 'O225@VC_0'), ('C221@frame(-1)-sg2-C2OH2O', 'O225@frame(-1)-sg3-CO2'))), (('C223', 'O224'), (1.5456, 1.8099), (('C223@VC_0', 'O224@VC_0'), ('C223@frame(-1)-sg3-CO2', 'O224@frame(-1)-sg2-C2OH2O'))), (('C244', 'O245'), (1.2984, 2.4984), (('C244@CO3_minus2_0', 'O245@CO3_minus2_0'), ('C244@frame(-1)-sg4-CO2', 'O245@frame(-1)-sg2-C2OH2O'))), (('C221', 'O245'), (3.8296, 1.2246), (('C221@VC_0', 'O245@CO3_minus2_0'), ('C221@frame(-1)-sg2-C2OH2O', 'O245@frame(-1)-sg2-C2OH2O')))), ((('C254', 'O256'), (1.3474, 2.6066), (('C254@oEC_radical_minus1_minus2_0', 'O256@oEC_radical_minus1_minus2_0'), ('C254@frame(-1)-sg5-CO2', 'O256@frame(-1)-sg6-OC2H4'))), (('C257', 'H262'), (1.0854, 2.1145), (('C257@oEC_radical_minus1_minus2_0', 'H262@oEC_radical_minus1_minus2_0'), ('C257@frame(-1)-sg6-OC2H4', 'H262@frame(-1)-sg6-OC2H4'))), (('C258', 'H262'), (2.1317, 1.0959), (('C258@oEC_radical_minus1_minus2_0', 'H262@oEC_radical_minus1_minus2_0'), ('C258@frame(-1)-sg6-OC2H4', 'H262@frame(-1)-sg6-OC2H4'))))}"
34,0x5ad364cffb187164,-1,2,10,10,3,1,2,2,1,1,0,1,0,1,0,1,0,0,0,0,0,0,0,"{'CO3_minus2_0+VC_2 => C3O3H2CO3', 'EC_1+oEC_radical_minus1_minus2_0 => C3O3H4CO2C2H2OH2'}",set(),"{'EC_1+oEC_radical_minus1_minus2_0 => sg0-C3O3H4CO2C2H2OH2', 'CO3_minus2_0+VC_2 => sg1-C3O3H2CO3'}",set(),"{((('C238', 'O256'), (3.4948, 1.4266), (('C238@VC_2', 'O256@CO3_minus2_0'), ('C238@frame(-1)-sg1-C3O3H2CO3', 'O256@frame(-1)-sg1-C3O3H2CO3'))), (('C239', 'O255'), (3.2137, 1.46), (('C239@VC_2', 'O255@CO3_minus2_0'), ('C239@frame(-1)-sg1-C3O3H2CO3', 'O255@frame(-1)-sg1-C3O3H2CO3')))), ((('O16', 'C277'), (3.4705, 1.5085), (('O16@EC_1', 'C277@oEC_radical_minus1_minus2_0'), ('O16@frame(-1)-sg0-C3O3H4CO2C2H2OH2', 'C277@frame(-1)-sg0-C3O3H4CO2C2H2OH2'))),)}"
35,0x5b1009f0ee697aeb,-1,2,10,10,1,1,1,1,1,0,0,0,0,0,0,1,0,0,0,0,0,0,0,{'oEC_radical_minus1_minus2_0 => CO2+OC2H4'},set(),{'oEC_radical_minus1_minus2_0 => sg0-CO2+sg1-OC2H4'},set(),"{((('C247', 'O249'), (1.3409, 2.9813), (('C247@oEC_radical_minus1_minus2_0', 'O249@oEC_radical_minus1_minus2_0'), ('C247@frame(-1)-sg0-CO2', 'O249@frame(-1)-sg1-OC2H4'))), (('O249', 'C251'), (2.3923, 1.46), (('O249@oEC_radical_minus1_minus2_0', 'C251@oEC_radical_minus1_minus2_0'), ('O249@frame(-1)-sg1-OC2H4', 'C251@frame(-1)-sg1-OC2H4'))))}"
36,0x5b4e469cfea1d94b,-1,2,10,10,1,1,2,2,1,1,0,0,0,1,0,1,0,0,0,0,0,0,0,"{'CO3_minus2_0+EC_8 => C3O3H3+HCO3', 'oEC_radical_minus1_minus2_0 => CO2+OC2H4'}",set(),"{'oEC_radical_minus1_minus2_0 => sg2-CO2+sg3-OC2H4', 'CO3_minus2_0+EC_8 => sg0-C3O3H3+sg1-HCO3'}",set(),"{((('C82', 'H89'), (1.0882, 2.759), (('C82@EC_8', 'H89@EC_8'), ('C82@frame(-1)-sg0-C3O3H3', 'H89@frame(-1)-sg1-HCO3'))), (('H89', 'O240'), (12.2178, 0.9917), (('H89@EC_8', 'O240@CO3_minus2_0'), ('H89@frame(-1)-sg1-HCO3', 'O240@frame(-1)-sg1-HCO3')))), ((('C257', 'O259'), (1.3202, 3.089), (('C257@oEC_radical_minus1_minus2_0', 'O259@oEC_radical_minus1_minus2_0'), ('C257@frame(-1)-sg2-CO2', 'O259@frame(-1)-sg3-OC2H4'))), (('O259', 'C261'), (2.3761, 1.454), (('O259@oEC_radical_minus1_minus2_0', 'C261@oEC_radical_minus1_minus2_0'), ('O259@frame(-1)-sg3-OC2H4', 'C261@frame(-1)-sg3-OC2H4'))))}"
37,0x5b51fe3f8bab9609,-1,3,10,10,2,1,1,1,2,0,0,0,0,0,0,1,0,0,0,0,0,0,0,{'oEC_radical_minus1_minus2_0 => CO2+OC2H4'},set(),{'oEC_radical_minus1_minus2_0 => sg0-CO2+sg1-OC2H4'},set(),"{((('C256', 'O258'), (1.3145, 3.0168), (('C256@oEC_radical_minus1_minus2_0', 'O258@oEC_radical_minus1_minus2_0'), ('C256@frame(-1)-sg0-CO2', 'O258@frame(-1)-sg1-OC2H4'))), (('C259', 'H264'), (1.0885, 2.1388), (('C259@oEC_radical_minus1_minus2_0', 'H264@oEC_radical_minus1_minus2_0'), ('C259@frame(-1)-sg1-OC2H4', 'H264@frame(-1)-sg1-OC2H4'))), (('C260', 'H264'), (2.1204, 1.101), (('C260@oEC_radical_minus1_minus2_0', 'H264@oEC_radical_minus1_minus2_0'), ('C260@frame(-1)-sg1-OC2H4', 'H264@frame(-1)-sg1-OC2H4'))))}"
38,0x5b83cc64b7d6ae10,-1,3,10,10,1,1,2,2,1,0,0,0,0,0,0,1,0,0,0,0,0,0,0,{'oEC_radical_minus1_minus2_0 => CO2+OC2H4'},set(),{'oEC_radical_minus1_minus2_0 => sg0-CO2+sg1-OC2H4'},set(),"{((('C258', 'O260'), (1.3399, 3.0748), (('C258@oEC_radical_minus1_minus2_0', 'O260@oEC_radical_minus1_minus2_0'), ('C258@frame(-1)-sg0-CO2', 'O260@frame(-1)-sg1-OC2H4'))), (('C261', 'H267'), (1.0854, 2.1365), (('C261@oEC_radical_minus1_minus2_0', 'H267@oEC_radical_minus1_minus2_0'), ('C261@frame(-1)-sg1-OC2H4', 'H267@frame(-1)-sg1-OC2H4'))), (('C262', 'H267'), (2.0987, 1.0982), (('C262@oEC_radical_minus1_minus2_0', 'H267@oEC_radical_minus1_minus2_0'), ('C262@frame(-1)-sg1-OC2H4', 'H267@frame(-1)-sg1-OC2H4'))))}"
39,0x5bc567e8d987d263,-1,2,10,10,2,1,2,2,1,0,0,1,0,1,0,1,0,0,0,0,0,0,0,"{'oEC_radical_minus1_minus2_0 => CO2+OC2H4', 'CO3_minus2_0+VC_0 => C3O3H2O+CO2'}",set(),"{'oEC_radical_minus1_minus2_0 => sg2-CO2+sg3-OC2H4', 'CO3_minus2_0+VC_0 => sg0-C3O3H2O+sg1-CO2'}",set(),"{((('C265', 'O267'), (1.3195, 3.2543), (('C265@oEC_radical_minus1_minus2_0', 'O267@oEC_radical_minus1_minus2_0'), ('C265@frame(-1)-sg2-CO2', 'O267@frame(-1)-sg3-OC2H4'))), (('O267', 'C269'), (2.3552, 1.4626), (('O267@oEC_radical_minus1_minus2_0', 'C269@oEC_radical_minus1_minus2_0'), ('O267@frame(-1)-sg3-OC2H4', 'C269@frame(-1)-sg3-OC2H4')))), ((('C245', 'O246'), (1.2932, 1.8218), (('C245@CO3_minus2_0', 'O246@CO3_minus2_0'), ('C245@frame(-1)-sg1-CO2', 'O246@frame(-1)-sg0-C3O3H2O'))), (('C222', 'O246'), (3.5904, 1.3304), (('C222@VC_0', 'O246@CO3_minus2_0'), ('C222@frame(-1)-sg0-C3O3H2O', 'O246@frame(-1)-sg0-C3O3H2O'))))}"
40,0x5d8b6df8f24014e1,-1,4,10,10,3,1,2,2,2,0,0,0,0,0,0,2,0,0,0,0,0,0,0,"{'oEC_radical_minus1_minus2_0 => CO2+OC2H4', 'oEC_radical_minus1_minus2_1 => CO2+OC2H4'}",set(),"{'oEC_radical_minus1_minus2_1 => sg2-CO2+sg3-OC2H4', 'oEC_radical_minus1_minus2_0 => sg0-CO2+sg1-OC2H4'}",set(),"{((('C285', 'O287'), (1.332, 2.7009), (('C285@oEC_radical_minus1_minus2_1', 'O287@oEC_radical_minus1_minus2_1'), ('C285@frame(-1)-sg2-CO2', 'O287@frame(-1)-sg3-OC2H4'))), (('C288', 'H293'), (1.0817, 2.1294), (('C288@oEC_radical_minus1_minus2_1', 'H293@oEC_radical_minus1_minus2_1'), ('C288@frame(-1)-sg3-OC2H4', 'H293@frame(-1)-sg3-OC2H4'))), (('C289', 'H293'), (2.139, 1.096), (('C289@oEC_radical_minus1_minus2_1', 'H293@oEC_radical_minus1_minus2_1'), ('C289@frame(-1)-sg3-OC2H4', 'H293@frame(-1)-sg3-OC2H4')))), ((('C275', 'O277'), (1.3329, 3.1255), (('C275@oEC_radical_minus1_minus2_0', 'O277@oEC_radical_minus1_minus2_0'), ('C275@frame(-1)-sg0-CO2', 'O277@frame(-1)-sg1-OC2H4'))), (('C278', 'H284'), (1.0758, 2.1351), (('C278@oEC_radical_minus1_minus2_0', 'H284@oEC_radical_minus1_minus2_0'), ('C278@frame(-1)-sg1-OC2H4', 'H284@frame(-1)-sg1-OC2H4'))), (('C279', 'H284'), (2.0503, 1.088), (('C279@oEC_radical_minus1_minus2_0', 'H284@oEC_radical_minus1_minus2_0'), ('C279@frame(-1)-sg1-OC2H4', 'H284@frame(-1)-sg1-OC2H4'))))}"
41,0x5da44cd6319afd50,-1,3,10,10,3,1,2,2,1,0,0,0,0,0,0,1,0,0,0,0,0,0,0,{'oEC_radical_minus1_minus2_0 => CO2+OC2H4'},set(),{'oEC_radical_minus1_minus2_0 => sg0-CO2+sg1-OC2H4'},set(),"{((('C274', 'O276'), (1.3303, 2.882), (('C274@oEC_radical_minus1_minus2_0', 'O276@oEC_radical_minus1_minus2_0'), ('C274@frame(-1)-sg0-CO2', 'O276@frame(-1)-sg1-OC2H4'))), (('C277', 'H283'), (1.0839, 2.1048), (('C277@oEC_radical_minus1_minus2_0', 'H283@oEC_radical_minus1_minus2_0'), ('C277@frame(-1)-sg1-OC2H4', 'H283@frame(-1)-sg1-OC2H4'))), (('C278', 'H283'), (2.1134, 1.1056), (('C278@oEC_radical_minus1_minus2_0', 'H283@oEC_radical_minus1_minus2_0'), ('C278@frame(-1)-sg1-OC2H4', 'H283@frame(-1)-sg1-OC2H4'))))}"
42,0x5e0302b95d627884,-1,2,10,10,3,1,1,1,1,0,0,0,0,0,0,1,0,0,0,0,0,0,0,{'oEC_radical_minus1_minus2_0 => CO2+OC2H4'},set(),{'oEC_radical_minus1_minus2_0 => sg0-CO2+sg1-OC2H4'},set(),"{((('C263', 'O265'), (1.3302, 2.84), (('C263@oEC_radical_minus1_minus2_0', 'O265@oEC_radical_minus1_minus2_0'), ('C263@frame(-1)-sg0-CO2', 'O265@frame(-1)-sg1-OC2H4'))), (('O265', 'C267'), (2.403, 1.4492), (('O265@oEC_radical_minus1_minus2_0', 'C267@oEC_radical_minus1_minus2_0'), ('O265@frame(-1)-sg1-OC2H4', 'C267@frame(-1)-sg1-OC2H4'))))}"
43,0x5e3f7b924da90222,-1,3,10,10,2,1,1,1,1,0,0,0,0,0,0,1,0,0,0,0,0,0,0,{'oEC_radical_minus1_minus2_0 => CO2+OC2H4'},set(),{'oEC_radical_minus1_minus2_0 => sg0-CO2+sg1-OC2H4'},set(),"{((('C256', 'O258'), (1.3295, 3.7843), (('C256@oEC_radical_minus1_minus2_0', 'O258@oEC_radical_minus1_minus2_0'), ('C256@frame(-1)-sg0-CO2', 'O258@frame(-1)-sg1-OC2H4'))), (('O258', 'C260'), (2.3713, 1.4584), (('O258@oEC_radical_minus1_minus2_0', 'C260@oEC_radical_minus1_minus2_0'), ('O258@frame(-1)-sg1-OC2H4', 'C260@frame(-1)-sg1-OC2H4'))))}"
44,0x5e512e8d22274d71,-1,1,10,10,1,1,2,2,1,3,1,0,0,1,0,1,0,0,0,0,0,0,0,"{'DMC_8+EC_1+oEC_radical_minus1_minus2_0 => C3O3H4C3O3H5+HCO2C2H2OH2', 'CO3_minus2_0+EC_5+EC_6 => C3O3H4C3O3H3+HCO3'}",set(),"{'CO3_minus2_0+EC_5+EC_6 => sg1-C3O3H4C3O3H3+sg2-HCO3', 'DMC_8+EC_1+oEC_radical_minus1_minus2_0 => sg0-C3O3H4C3O3H5+sg3-HCO2C2H2OH2'}",set(),"{((('C199', 'H208'), (1.0912, 2.661), (('C199@DMC_8', 'H208@DMC_8'), ('C199@frame(-1)-sg0-C3O3H4C3O3H5', 'H208@frame(-1)-sg3-HCO2C2H2OH2'))), (('O16', 'C199'), (3.619, 1.5074), (('O16@EC_1', 'C199@DMC_8'), ('O16@frame(-1)-sg0-C3O3H4C3O3H5', 'C199@frame(-1)-sg0-C3O3H4C3O3H5'))), (('H208', 'C260'), (13.4086, 1.0989), (('H208@DMC_8', 'C260@oEC_radical_minus1_minus2_0'), ('H208@frame(-1)-sg3-HCO2C2H2OH2', 'C260@frame(-1)-sg3-HCO2C2H2OH2')))), ((('C61', 'H67'), (1.0917, 3.0346), (('C61@EC_6', 'H67@EC_6'), ('C61@frame(-1)-sg1-C3O3H4C3O3H3', 'H67@frame(-1)-sg2-HCO3'))), (('O56', 'C61'), (10.7313, 1.6573), (('O56@EC_5', 'C61@EC_6'), ('O56@frame(-1)-sg1-C3O3H4C3O3H3', 'C61@frame(-1)-sg1-C3O3H4C3O3H3'))), (('H67', 'O239'), (12.8948, 0.9782), (('H67@EC_6', 'O239@CO3_minus2_0'), ('H67@frame(-1)-sg2-HCO3', 'O239@frame(-1)-sg2-HCO3'))))}"
45,0x5ecc5febf8d0556a,-1,3,10,10,2,1,1,1,2,0,0,0,0,0,0,1,0,0,0,0,0,0,0,{'oEC_radical_minus1_minus2_1 => CO2+OC2H4'},set(),{'oEC_radical_minus1_minus2_1 => sg0-CO2+sg1-OC2H4'},set(),"{((('C266', 'O268'), (1.3313, 3.0424), (('C266@oEC_radical_minus1_minus2_1', 'O268@oEC_radical_minus1_minus2_1'), ('C266@frame(-1)-sg0-CO2', 'O268@frame(-1)-sg1-OC2H4'))), (('C269', 'H275'), (1.089, 2.1086), (('C269@oEC_radical_minus1_minus2_1', 'H275@oEC_radical_minus1_minus2_1'), ('C269@frame(-1)-sg1-OC2H4', 'H275@frame(-1)-sg1-OC2H4'))), (('C270', 'H275'), (2.1251, 1.102), (('C270@oEC_radical_minus1_minus2_1', 'H275@oEC_radical_minus1_minus2_1'), ('C270@frame(-1)-sg1-OC2H4', 'H275@frame(-1)-sg1-OC2H4'))))}"
46,0x67c2dd61ac2d8a88,-1,2,10,10,3,1,2,2,2,0,0,0,0,0,0,2,0,0,0,0,0,0,0,"{'oEC_radical_minus1_minus2_0 => CO2+OC2H4', 'oEC_radical_minus1_minus2_1 => CO2+OC2H4'}",set(),"{'oEC_radical_minus1_minus2_1 => sg2-CO2+sg3-OC2H4', 'oEC_radical_minus1_minus2_0 => sg0-CO2+sg1-OC2H4'}",set(),"{((('C283', 'O285'), (1.3302, 3.1593), (('C283@oEC_radical_minus1_minus2_1', 'O285@oEC_radical_minus1_minus2_1'), ('C283@frame(-1)-sg2-CO2', 'O285@frame(-1)-sg3-OC2H4'))), (('C286', 'H291'), (1.0836, 2.1121), (('C286@oEC_radical_minus1_minus2_1', 'H291@oEC_radical_minus1_minus2_1'), ('C286@frame(-1)-sg3-OC2H4', 'H291@frame(-1)-sg3-OC2H4'))), (('C287', 'H291'), (2.0839, 1.0935), (('C287@oEC_radical_minus1_minus2_1', 'H291@oEC_radical_minus1_minus2_1'), ('C287@frame(-1)-sg3-OC2H4', 'H291@frame(-1)-sg3-OC2H4')))), ((('C273', 'O275'), (1.324, 2.7079), (('C273@oEC_radical_minus1_minus2_0', 'O275@oEC_radical_minus1_minus2_0'), ('C273@frame(-1)-sg0-CO2', 'O275@frame(-1)-sg1-OC2H4'))), (('C276', 'H281'), (1.0871, 2.1044), (('C276@oEC_radical_minus1_minus2_0', 'H281@oEC_radical_minus1_minus2_0'), ('C276@frame(-1)-sg1-OC2H4', 'H281@frame(-1)-sg1-OC2H4'))), (('C277', 'H281'), (2.1716, 1.1034), (('C277@oEC_radical_minus1_minus2_0', 'H281@oEC_radical_minus1_minus2_0'), ('C277@frame(-1)-sg1-OC2H4', 'H281@frame(-1)-sg1-OC2H4'))))}"
47,0x69d6099e690fd39b,-1,2,10,10,3,1,2,2,1,1,1,0,0,0,0,1,0,0,0,0,0,0,0,{'DMC_6+EC_0+oEC_radical_minus1_minus2_0 => C3O3H4C3O3H5+HCO2C2H2OH2'},set(),{'DMC_6+EC_0+oEC_radical_minus1_minus2_0 => sg0-C3O3H4C3O3H5+sg1-HCO2C2H2OH2'},set(),"{((('C175', 'H182'), (1.0931, 2.8286), (('C175@DMC_6', 'H182@DMC_6'), ('C175@frame(-1)-sg0-C3O3H4C3O3H5', 'H182@frame(-1)-sg1-HCO2C2H2OH2'))), (('O7', 'C175'), (16.0486, 1.4968), (('O7@EC_0', 'C175@DMC_6'), ('O7@frame(-1)-sg0-C3O3H4C3O3H5', 'C175@frame(-1)-sg0-C3O3H4C3O3H5'))), (('H182', 'C277'), (11.8381, 1.092), (('H182@DMC_6', 'C277@oEC_radical_minus1_minus2_0'), ('H182@frame(-1)-sg1-HCO2C2H2OH2', 'C277@frame(-1)-sg1-HCO2C2H2OH2'))))}"
48,0x6e40b5ae0748fa7a,-1,4,10,10,2,1,2,2,1,0,0,1,0,0,0,1,0,0,0,0,0,0,0,{'VC_1+oEC_radical_minus1_minus2_0 => C3O3H2CO2C2H2OH2'},set(),{'VC_1+oEC_radical_minus1_minus2_0 => sg0-C3O3H2CO2C2H2OH2'},set(),"{((('O237', 'C271'), (3.5301, 1.565), (('O237@VC_1', 'C271@oEC_radical_minus1_minus2_0'), ('O237@frame(-1)-sg0-C3O3H2CO2C2H2OH2', 'C271@frame(-1)-sg0-C3O3H2CO2C2H2OH2'))),)}"
49,0x6e7ec157a93e4f73,-1,2,10,10,3,1,1,1,1,0,0,0,0,0,0,1,0,0,0,0,0,0,0,{'oEC_radical_minus1_minus2_0 => CO2+OC2H4'},set(),{'oEC_radical_minus1_minus2_0 => sg0-CO2+sg1-OC2H4'},set(),"{((('C263', 'O265'), (1.3248, 2.77), (('C263@oEC_radical_minus1_minus2_0', 'O265@oEC_radical_minus1_minus2_0'), ('C263@frame(-1)-sg0-CO2', 'O265@frame(-1)-sg1-OC2H4'))), (('C266', 'H271'), (1.0874, 2.0914), (('C266@oEC_radical_minus1_minus2_0', 'H271@oEC_radical_minus1_minus2_0'), ('C266@frame(-1)-sg1-OC2H4', 'H271@frame(-1)-sg1-OC2H4'))), (('C267', 'H271'), (2.1123, 1.1081), (('C267@oEC_radical_minus1_minus2_0', 'H271@oEC_radical_minus1_minus2_0'), ('C267@frame(-1)-sg1-OC2H4', 'H271@frame(-1)-sg1-OC2H4'))))}"
50,0x6ec89b1dc08a11e7,-1,3,10,10,1,1,2,2,1,0,0,0,0,0,0,1,0,0,0,0,0,0,0,{'oEC_radical_minus1_minus2_0 => CO2+OC2H4'},set(),{'oEC_radical_minus1_minus2_0 => sg0-CO2+sg1-OC2H4'},set(),"{((('C258', 'O260'), (1.3204, 3.4738), (('C258@oEC_radical_minus1_minus2_0', 'O260@oEC_radical_minus1_minus2_0'), ('C258@frame(-1)-sg0-CO2', 'O260@frame(-1)-sg1-OC2H4'))), (('O260', 'C262'), (2.3676, 1.4531), (('O260@oEC_radical_minus1_minus2_0', 'C262@oEC_radical_minus1_minus2_0'), ('O260@frame(-1)-sg1-OC2H4', 'C262@frame(-1)-sg1-OC2H4'))))}"
51,0x74232ebc99649573,-1,2,10,10,3,1,1,1,1,0,0,0,0,0,0,1,0,0,0,0,0,0,0,{'oEC_radical_minus1_minus2_0 => CO2+OC2H4'},set(),{'oEC_radical_minus1_minus2_0 => sg0-CO2+sg1-OC2H4'},set(),"{((('C263', 'O265'), (1.3263, 2.5736), (('C263@oEC_radical_minus1_minus2_0', 'O265@oEC_radical_minus1_minus2_0'), ('C263@frame(-1)-sg0-CO2', 'O265@frame(-1)-sg1-OC2H4'))), (('C266', 'H272'), (1.0872, 2.1131), (('C266@oEC_radical_minus1_minus2_0', 'H272@oEC_radical_minus1_minus2_0'), ('C266@frame(-1)-sg1-OC2H4', 'H272@frame(-1)-sg1-OC2H4'))), (('C267', 'H272'), (2.1436, 1.0933), (('C267@oEC_radical_minus1_minus2_0', 'H272@oEC_radical_minus1_minus2_0'), ('C267@frame(-1)-sg1-OC2H4', 'H272@frame(-1)-sg1-OC2H4'))))}"
52,0x79837895e09c46e,-1,4,10,10,2,1,2,2,1,0,0,0,0,0,0,1,0,0,0,0,0,0,0,{'oEC_radical_minus1_minus2_0 => CO2C2H2OH2'},set(),{'oEC_radical_minus1_minus2_0 => sg0-CO2C2H2OH2'},set(),"{((('C270', 'H275'), (1.0862, 2.1563), (('C270@oEC_radical_minus1_minus2_0', 'H275@oEC_radical_minus1_minus2_0'), ('C270@frame(-1)-sg0-CO2C2H2OH2', 'H275@frame(-1)-sg0-CO2C2H2OH2'))), (('O268', 'H275'), (2.9952, 0.991), (('O268@oEC_radical_minus1_minus2_0', 'H275@oEC_radical_minus1_minus2_0'), ('O268@frame(-1)-sg0-CO2C2H2OH2', 'H275@frame(-1)-sg0-CO2C2H2OH2'))))}"
53,0x79e3cd9269f9998,-1,3,10,10,1,1,2,2,1,0,0,0,0,0,0,1,0,0,0,0,0,0,0,{'oEC_radical_minus1_minus2_0 => CO2+OC2H4'},set(),{'oEC_radical_minus1_minus2_0 => sg0-CO2+sg1-OC2H4'},set(),"{((('C258', 'O260'), (1.3282, 3.8761), (('C258@oEC_radical_minus1_minus2_0', 'O260@oEC_radical_minus1_minus2_0'), ('C258@frame(-1)-sg0-CO2', 'O260@frame(-1)-sg1-OC2H4'))), (('O260', 'C262'), (2.3665, 1.4436), (('O260@oEC_radical_minus1_minus2_0', 'C262@oEC_radical_minus1_minus2_0'), ('O260@frame(-1)-sg1-OC2H4', 'C262@frame(-1)-sg1-OC2H4'))))}"
54,0x7a081dfa838a73d1,-1,1,10,10,1,1,1,1,1,0,0,0,0,0,0,1,0,0,0,0,0,0,0,{'oEC_radical_minus1_minus2_0 => CO2+OC2H4'},set(),{'oEC_radical_minus1_minus2_0 => sg0-CO2+sg1-OC2H4'},set(),"{((('C246', 'O248'), (1.3296, 3.1446), (('C246@oEC_radical_minus1_minus2_0', 'O248@oEC_radical_minus1_minus2_0'), ('C246@frame(-1)-sg0-CO2', 'O248@frame(-1)-sg1-OC2H4'))), (('O248', 'C250'), (2.3969, 1.4662), (('O248@oEC_radical_minus1_minus2_0', 'C250@oEC_radical_minus1_minus2_0'), ('O248@frame(-1)-sg1-OC2H4', 'C250@frame(-1)-sg1-OC2H4'))))}"
55,0x7a9358ef00736d88,-1,4,10,10,3,1,1,1,2,1,0,0,0,0,0,1,0,0,0,0,0,0,0,{'EC_5+oEC_radical_minus1_minus2_0 => C3O3H4CO2C2H2OH2'},set(),{'EC_5+oEC_radical_minus1_minus2_0 => sg0-C3O3H4CO2C2H2OH2'},set(),"{((('O59', 'C269'), (20.275, 1.4955), (('O59@EC_5', 'C269@oEC_radical_minus1_minus2_0'), ('O59@frame(-1)-sg0-C3O3H4CO2C2H2OH2', 'C269@frame(-1)-sg0-C3O3H4CO2C2H2OH2'))),)}"
56,0x7bcf3aa4d6855898,-1,4,10,10,2,1,2,2,2,0,0,0,0,0,0,2,0,0,0,0,0,0,0,{'oEC_radical_minus1_minus2_0+oEC_radical_minus1_minus2_1 => CO2+OC2H4CO2C2H2OH2'},set(),{'oEC_radical_minus1_minus2_0+oEC_radical_minus1_minus2_1 => sg0-CO2+sg1-OC2H4CO2C2H2OH2'},set(),"{((('C267', 'O269'), (1.3174, 2.7439), (('C267@oEC_radical_minus1_minus2_0', 'O269@oEC_radical_minus1_minus2_0'), ('C267@frame(-1)-sg0-CO2', 'O269@frame(-1)-sg1-OC2H4CO2C2H2OH2'))), (('C271', 'C281'), (11.4029, 1.5285), (('C271@oEC_radical_minus1_minus2_0', 'C281@oEC_radical_minus1_minus2_1'), ('C271@frame(-1)-sg1-OC2H4CO2C2H2OH2', 'C281@frame(-1)-sg1-OC2H4CO2C2H2OH2'))))}"
57,0x8742a78fbd85a4a,-1,3,10,10,2,1,1,1,1,0,0,0,0,1,0,1,0,0,0,0,0,0,0,{'CO3_minus2_0+oEC_radical_minus1_minus2_0 => CO3CO2C2H2OH2'},set(),{'CO3_minus2_0+oEC_radical_minus1_minus2_0 => sg0-CO3CO2C2H2OH2'},set(),"{((('O248', 'C260'), (18.9073, 1.4635), (('O248@CO3_minus2_0', 'C260@oEC_radical_minus1_minus2_0'), ('O248@frame(-1)-sg0-CO3CO2C2H2OH2', 'C260@frame(-1)-sg0-CO3CO2C2H2OH2'))),)}"
58,0x973c821f1240a74,-1,3,10,10,2,1,2,2,1,0,0,0,0,0,0,0,0,0,0,0,0,0,0,set(),set(),set(),set(),set()
59,0xaae1cc2a0489f7c,-1,4,10,10,1,1,2,2,1,0,0,0,0,0,0,1,0,0,0,0,0,0,0,{'oEC_radical_minus1_minus2_0 => CO2C2H2OH2'},set(),{'oEC_radical_minus1_minus2_0 => sg0-CO2C2H2OH2'},set(),"{((('C262', 'H267'), (1.0878, 2.1469), (('C262@oEC_radical_minus1_minus2_0', 'H267@oEC_radical_minus1_minus2_0'), ('C262@frame(-1)-sg0-CO2C2H2OH2', 'H267@frame(-1)-sg0-CO2C2H2OH2'))), (('O260', 'H267'), (3.172, 0.9899), (('O260@oEC_radical_minus1_minus2_0', 'H267@oEC_radical_minus1_minus2_0'), ('O260@frame(-1)-sg0-CO2C2H2OH2', 'H267@frame(-1)-sg0-CO2C2H2OH2'))))}"
60,0xd69bbedd96faa4a,-1,2,10,10,2,1,1,1,2,0,2,0,0,0,0,2,0,0,0,0,0,0,0,"{'DMC_0+DMC_6+oEC_radical_minus1_minus2_0 => C3O3H5C3O3H6+HCO2C2H2OH2', 'oEC_radical_minus1_minus2_1 => CO2+OC2H4'}",set(),"{'DMC_0+DMC_6+oEC_radical_minus1_minus2_0 => sg0-C3O3H5C3O3H6+sg1-HCO2C2H2OH2', 'oEC_radical_minus1_minus2_1 => sg2-CO2+sg3-OC2H4'}",set(),"{((('C265', 'O267'), (1.3366, 2.7307), (('C265@oEC_radical_minus1_minus2_1', 'O267@oEC_radical_minus1_minus2_1'), ('C265@frame(-1)-sg2-CO2', 'O267@frame(-1)-sg3-OC2H4'))), (('C268', 'H274'), (1.0898, 2.1097), (('C268@oEC_radical_minus1_minus2_1', 'H274@oEC_radical_minus1_minus2_1'), ('C268@frame(-1)-sg3-OC2H4', 'H274@frame(-1)-sg3-OC2H4'))), (('C269', 'H274'), (2.1425, 1.1046), (('C269@oEC_radical_minus1_minus2_1', 'H274@oEC_radical_minus1_minus2_1'), ('C269@frame(-1)-sg3-OC2H4', 'H274@frame(-1)-sg3-OC2H4')))), ((('C104', 'H113'), (1.0892, 2.7465), (('C104@DMC_0', 'H113@DMC_0'), ('C104@frame(-1)-sg0-C3O3H5C3O3H6', 'H113@frame(-1)-sg1-HCO2C2H2OH2'))), (('C104', 'O177'), (3.0506, 1.4754), (('C104@DMC_0', 'O177@DMC_6'), ('C104@frame(-1)-sg0-C3O3H5C3O3H6', 'O177@frame(-1)-sg0-C3O3H5C3O3H6'))), (('H113', 'C259'), (11.6913, 1.0962), (('H113@DMC_0', 'C259@oEC_radical_minus1_minus2_0'), ('H113@frame(-1)-sg1-HCO2C2H2OH2', 'C259@frame(-1)-sg1-HCO2C2H2OH2'))))}"
61,0xe1233d722376f63,-1,3,10,10,2,1,2,2,2,0,0,0,0,1,0,2,0,0,0,0,0,0,0,"{'oEC_radical_minus1_minus2_1 => CO2+OC2H4', 'CO3_minus2_1+oEC_radical_minus1_minus2_0 => CO3CO2C2H2OH2'}",set(),"{'CO3_minus2_1+oEC_radical_minus1_minus2_0 => sg0-CO3CO2C2H2OH2', 'oEC_radical_minus1_minus2_1 => sg1-CO2+sg2-OC2H4'}",set(),"{((('O251', 'C270'), (10.5728, 1.4487), (('O251@CO3_minus2_1', 'C270@oEC_radical_minus1_minus2_0'), ('O251@frame(-1)-sg0-CO3CO2C2H2OH2', 'C270@frame(-1)-sg0-CO3CO2C2H2OH2'))),), ((('C276', 'O278'), (1.3351, 2.7853), (('C276@oEC_radical_minus1_minus2_1', 'O278@oEC_radical_minus1_minus2_1'), ('C276@frame(-1)-sg1-CO2', 'O278@frame(-1)-sg2-OC2H4'))), (('C279', 'H285'), (1.0859, 2.1213), (('C279@oEC_radical_minus1_minus2_1', 'H285@oEC_radical_minus1_minus2_1'), ('C279@frame(-1)-sg2-OC2H4', 'H285@frame(-1)-sg2-OC2H4'))), (('C280', 'H285'), (2.1242, 1.1065), (('C280@oEC_radical_minus1_minus2_1', 'H285@oEC_radical_minus1_minus2_1'), ('C280@frame(-1)-sg2-OC2H4', 'H285@frame(-1)-sg2-OC2H4'))))}"
62,0xe9048c28aebf149,-1,3,10,10,3,1,1,1,2,0,0,0,0,0,0,2,0,0,0,0,0,0,0,"{'oEC_radical_minus1_minus2_0 => CO2+OC2H4', 'oEC_radical_minus1_minus2_1 => CO2+OC2H4'}",set(),"{'oEC_radical_minus1_minus2_1 => sg2-CO2+sg3-OC2H4', 'oEC_radical_minus1_minus2_0 => sg0-CO2+sg1-OC2H4'}",set(),"{((('C274', 'O276'), (1.3348, 2.5999), (('C274@oEC_radical_minus1_minus2_1', 'O276@oEC_radical_minus1_minus2_1'), ('C274@frame(-1)-sg2-CO2', 'O276@frame(-1)-sg3-OC2H4'))), (('C277', 'H283'), (1.0867, 2.0798), (('C277@oEC_radical_minus1_minus2_1', 'H283@oEC_radical_minus1_minus2_1'), ('C277@frame(-1)-sg3-OC2H4', 'H283@frame(-1)-sg3-OC2H4'))), (('C278', 'H283'), (2.1534, 1.1087), (('C278@oEC_radical_minus1_minus2_1', 'H283@oEC_radical_minus1_minus2_1'), ('C278@frame(-1)-sg3-OC2H4', 'H283@frame(-1)-sg3-OC2H4')))), ((('C264', 'O266'), (1.3385, 3.5654), (('C264@oEC_radical_minus1_minus2_0', 'O266@oEC_radical_minus1_minus2_0'), ('C264@frame(-1)-sg0-CO2', 'O266@frame(-1)-sg1-OC2H4'))), (('C267', 'H272'), (1.0857, 2.0934), (('C267@oEC_radical_minus1_minus2_0', 'H272@oEC_radical_minus1_minus2_0'), ('C267@frame(-1)-sg1-OC2H4', 'H272@frame(-1)-sg1-OC2H4'))), (('C268', 'H272'), (2.1037, 1.1045), (('C268@oEC_radical_minus1_minus2_0', 'H272@oEC_radical_minus1_minus2_0'), ('C268@frame(-1)-sg1-OC2H4', 'H272@frame(-1)-sg1-OC2H4'))))}"
